Project Length,0
CRF,0.1
Annual Capture Amount (MTCO2/yr),65.00000000004717
Total Cost ($M/yr),19193.548573919423
Capture Cost ($M/yr),16352.445949999177
Transport Cost ($M/yr),1931.058873919997
Storage Cost ($M/yr),910.0437500002497

Source,Capture Amount (MTCO2/yr),Capture Cost ($M/yr)
19,2.529,868.9644000000001
18,1.1089999990471695,402.67789965402727
2,7.236,2098.44
6,17.901,3232.9206
17,6.129,2072.2149
16,20.331,4260.36105
4,4.635,1666.2825
11,3.0960000010000006,1068.5844003451502
5,2.034,682.0002

Sink,Storage Amount (MTCO2/yr),Storage Cost ($M/yr)
5,15.199599999764928,208.2345199967795
6,10.334000000437342,146.2261000061884
4,16.60640000023418,235.81088000332537
7,20.330999999562668,281.58434999394296
3,2.529000000000893,38.187900000013485

Edge Source,Edge Sink,Amount (MTCO2/yr),Transport Cost ($M/yr)
581660,580341,4.634999999999586,5.560424099999503
180218,229069,4.635000000000002,40.29488235000001
205577,209527,1.1089999990228967,21.63792150633659
171222,209527,3.096000001069243,77.43406440640359
341295,346579,4.63499999999998,10.242469349999956
373359,622999,10.33400000009214,660.6669458830183
161974,171222,3.0959999989999996,16.422322478729868
622999,624321,10.33400000009214,3.8534073800176047
87961,161974,3.096000001184181,124.6812305816292
176239,177561,4.635,5.7112699
664847,670134,0.03100000000041403,0.02718824000036312
205578,205577,1.1089999990471693,10.382171868296073
213487,373359,10.33400000009214,484.0743183822116
662206,664847,0.03100000000041403,0.0123318000001647
177561,178883,4.635,3.1557074
624321,646791,10.33400000009214,73.78296566033708
648113,649437,10.33400000009214,32.15365288014689
346579,358468,4.634999999999746,6.235511849999658
358468,394128,4.634999999999973,25.246891349999853
649437,657366,10.33400000009214,24.22577748011068
684605,663482,0.031000000000019234,0.378746530000235
663491,662190,0.03100000000041403,0.15489925000206878
663482,663491,0.031000000000019234,0.07167417000004446
646791,648113,10.33400000009214,4.327163040019769
577696,581660,4.635000000000478,2.4898293000002565
212167,213487,4.205000000092233,3.2539869500213787
80029,87961,3.096000001,18.57894416272171
229069,341295,4.634999999999627,101.9530822499918
662190,662206,0.03100000000041403,0.2282827600030489
209527,212167,4.2050000000000125,7.035617800000006
178883,180218,4.635000000000001,39.80470495
670134,674100,0.03100000000041403,0.0200511100002678
394128,577696,4.63499999999998,126.96043679999946
